metric_1,metric_2,metric_3,metric_4,metric_5,metric_6,anomaly_flag
1.0293547002238057,-0.8696698955195217,2.1274320302835927,0.6841451479116315,0.5262178445775172,-1.441264024181528,0
1.043899542857138,0.7507207210354438,-1.3935934390322777,0.4768209166364916,0.22943391199782665,1.2104496002224265,0
-0.28389791442864015,-1.0732891780957654,-0.14470225887753935,-2.4200195932891706,-2.7228089572625707,0.15356270511041553,0
-0.38566949664300465,-1.2119099870100944,0.8995520502351995,0.9361875344696607,-0.7005401002485976,-3.237806587212932,0
-0.16593556775481902,0.891855959723322,-0.11913845164753066,1.8662654089324826,2.4284856697541573,0.2924084710655489,0
0.0661440553576743,-0.33500580881857095,0.4111911836405828,1.365392584406308,-1.4722520273028539,0.36265206360936547,0
-0.4825120482836714,0.259017904098279,-0.3389058844228305,-0.6964990651293282,-1.6855729384479057,0.620229426188281,0
-1.3078687793459123,0.38056331074985866,-0.22546142042460035,1.1596290242964535,0.5728852188614085,-2.1093616713083674,0
-0.544612319678245,-0.06987938231056592,1.1682636121982057,0.5968342826986063,1.856693942719132,-1.6335657141966635,0
0.8248038949311137,-1.5750893032617037,-0.2111350470362271,-0.36479679047321883,-0.7625495066779671,-0.5844365668551499,0
0.686747831994993,-1.527535696038424,1.0964381949841175,-1.44264872036777,0.6069620670017697,-0.6950619082626511,0
0.5332278269500379,0.06470005360311332,-0.11177120966664293,-1.326803930939969,0.3018620762194853,2.511294995911345,0
0.45404608755375425,-1.5918328773044463,-0.02357298679636541,-0.5482857334876505,-1.7463396652657803,-0.7549603063895265,0
1.7745440285771341,-2.4732426098368028,0.046556206908955546,0.4423961265040903,-2.933889092906864,1.185115878930272,0
1.2987499856558036,-2.4806139421245197,0.44979234742724433,0.8081648996744734,1.0678017099619346,0.21624602830222292,0
-2.4521487397966237,-0.7216620509669445,0.2641751361222107,0.4016332731240669,1.3440814351009032,0.1529065454941552,0
0.12650396750731097,0.702222812617932,-1.2945510578033788,0.47147699899009954,0.010576199132736747,0.3113020710797085,0
-0.08127841955282067,-0.4812527195115012,-0.7312141502943265,-0.1581717624661252,0.37344140158025557,-2.4387392191077515,0
-0.1598070267845879,-1.739034963026666,-0.8223132807548461,0.6428528087528977,0.044944775409965616,-1.2918176468086262,0
0.35932445030009547,0.6410271012058439,0.17248521933666994,-1.2350635211228347,-1.4110169673284412,0.5937445423118687,0
-0.3772983781431941,1.142472854839305,-2.0594789755153626,0.17856975390529617,-1.3586383603377923,1.8168438231094282,0
-0.34102261282338664,0.7095124192294551,-0.3912232251124309,1.1631393406601458,0.15044279317471573,3.1542473878826454,0
0.1968038993715434,0.3500193556964687,-0.41691665586987203,0.9892697216094753,-0.501072055619687,-0.1683383762051607,0
0.8058668308455574,-0.5230840427275752,-0.574887254462399,0.10718688375133031,0.07745870321004396,0.42680326938522084,0
-0.2631818749520951,-0.022955674179778958,0.6879584463519344,0.3818153599063595,0.5675289552879133,-1.0585390224670097,0
-0.3734389357942456,-0.26196613977188177,-0.2619047948900256,0.6324403305725824,1.1574883975486077,0.98252021773376,0
1.113897636019413,-0.3003008967711721,1.2031471042154678,-1.6601647690878434,0.16559670442738764,-0.003536514207565276,0
-0.6067506728129242,0.36177842508755437,1.6121416031762306,-0.761404430058865,1.1943019094447835,0.004775711734677218,0
-1.372674714549321,0.2434419468225519,0.23271345237092514,0.2948507735316587,-0.5220744287967652,1.0326120354944317,0
1.8999839419070073,1.5088916643615637,1.1188378913861048,0.3879370815001294,-0.12911642489943037,1.3187493139157525,0
0.12587231587608402,0.13228065077863865,0.44519474536769427,-1.107455510163521,-1.546171334283822,-1.722964641679543,0
0.045537200369673014,-0.19891715577299784,0.302548277831558,0.26352292917764203,0.37889815585743297,-0.8260474414565971,0
1.0768876919561403,-0.0296458706220058,0.28117931541495356,-0.7247887631802358,1.6301029097697424,0.705895763518465,0
1.4151928398102,-0.2799357429322393,0.17038964165567336,0.1337323364555277,0.7237830259475193,-2.0571525071648735,0
-0.7265214009648204,-0.5905078542607102,-0.06616885381747656,0.19129894946417944,-0.8204240467265569,0.6506104743316504,0
0.4544388689337959,-0.2031990504792009,0.9412049899387381,0.7936545503950979,-0.6688922532272089,0.3397094242839011,0
-0.33092889816691984,-1.0724361414268784,1.1405496931116548,0.20714823843609403,0.8849651217159729,0.18709836164312596,0
1.407757847871218,-0.5386411079258346,-1.0282744308435992,-0.6776787284891784,0.22102619408705615,-1.4763768707133433,0
0.5688931083428391,0.7526285958104384,-0.9565609685148702,-0.13954543917702608,0.6520071262419878,1.462454351973967,0
1.3338900333412333,-0.5266101441467054,-1.3124286077214526,-1.8112430236201633,0.8302864807043258,-0.27317679534845546,0
-0.39925939064095206,-0.8960176348500977,-0.4466924544318408,1.1898124812593092,-0.763699569039514,0.165437295586487,0
-0.436216489209699,0.8563121563543878,0.7966474523914927,0.773528906804756,1.0928056373435917,0.6613594156529048,0
0.8912801542133348,0.7448759116218232,-0.9455483657272987,-1.2750572884033908,-0.17498860392908686,1.2897598656392297,0
1.4417151503471186,0.06951910871809659,-0.8200496635717669,0.9373571885933826,-1.1959357760863942,-0.022082067969022384,0
0.3039190429848151,-0.37687527629172135,0.7018903049118799,-0.28721802939877306,0.76035805557744,1.1334287476802845,0
0.3066993423611383,1.9433425123453014,-0.9612740479999511,-0.46732629965706596,-1.517945029885606,0.13977675281249355,0
-1.0986308212307307,0.0211087882036429,0.7975027917004206,-0.8279729235722424,-0.9092924176830339,-0.06740090919840176,0
0.5744831617517895,1.0580693409260118,-1.0776180510657494,2.385854482158074,-1.3652408859070182,-1.0037624564389802,0
-1.1983186715942702,-0.7133403937349301,-0.036485025132565164,-2.0363376487638636,-1.7347603611660967,1.3648267550015973,0
0.3103550389092604,-1.9364729320903558,0.5295402392514986,-0.023343539115472565,-0.9181179241684377,-0.4881399815131987,0
0.5929773351504323,0.8626891203369854,-1.3496889591239025,-0.4618140275499152,-0.6453030770007322,-1.0295231836588712,0
-1.8280064811357595,0.9706479831428092,-1.0387082347978707,-0.08297679687174057,1.7736842109904662,-0.22293506215994074,0
0.01777643019061009,-0.1496727536790279,1.5848237355014987,1.630354297182249,0.03392954916831728,0.19134630249957796,0
-1.9888191443544614,-0.21166250941030898,-0.47332474947189024,-0.8674281586584731,-0.39367303042729623,-0.5468340065359234,0
-0.14714800284487992,-2.2277329370968952,0.9203259185717148,-0.6622721277069472,0.18309909444064476,-0.7187982067711383,0
-1.2109915890050704,1.4840895701703494,-0.8775993063649892,-0.4267338768885124,-1.2255695346913376,-0.6261889370600526,0
-2.157346813330427,0.10426503781923814,-0.19992109985692647,1.7554614632746064,-1.359261250437692,1.127875830119017,0
-0.5789686387966396,0.02432790511728775,-1.4993936556441263,0.5091096992787026,0.23737170696525375,-0.3628693489594888,0
0.13680401827477606,-0.6673291262956499,0.43450197312283073,-1.4511519826998776,0.8776327027408161,0.5279540053595169,0
-1.4485133138243862,-0.5840475834694582,0.5145847220046883,-0.5767837962456254,1.1092728950590227,-0.43509512885437307,0
-0.7247855688051735,-0.4802128567224646,-1.0859141902643574,-2.0536854371208424,-0.5053359971107046,-0.14861669742977088,0
-1.5630716558850175,-1.9046265507896019,-2.380805857804505,-0.32649140710259006,-0.03313424932781657,-0.2813699078567769,0
-1.6241586428637453,-0.1841140459742348,-0.13510468473854353,0.9353244619606431,-0.9145864933858281,-0.28263323541798796,0
0.15681542105493146,-0.8443179547381537,-0.6704065148062137,0.4966711094035513,0.26435032881265663,0.8642782426733528,0
0.802503026969837,-0.1548670255129346,-0.1681610763123393,0.6445253498263313,-0.769863849937199,-0.2786571656532501,0
0.1299417498348511,-0.39330942952629,-0.9965296740037582,-1.2102799765890269,-0.09014391232682699,1.8056265891134984,0
1.2255864080010246,-1.2288522521988265,0.20678319337259418,1.4245072394618197,0.4176515774928975,-1.3181520558291293,0
0.21542813485429774,0.02246362658566406,-0.3160861520458661,-1.2003034949777711,-0.38239640379082124,0.12308019992462502,0
0.9877216731994972,0.8019712352876764,0.7400813910633967,1.2204635304464886,0.6061481765253258,-1.384299092673137,0
-0.8926393912285794,-1.1428876669906838,0.005393906004326254,-1.3942648022069422,1.2234410234016169,0.1579291720721895,0
0.5743183576801593,0.9195129447779936,-1.0705393032057235,0.5373615560942508,-1.2014749049512718,-2.318221221781438,0
-0.10410884736276133,1.260455219146092,-2.5179062636972303,1.9677246317774724,-0.22773668072477085,0.3901603758584983,0
1.441664508998722,-1.1766806617051253,-0.6883141659849987,-0.22234040702944408,-0.4137741483025632,1.1561129149538922,0
0.2448104485568014,-0.7372672078921119,0.33785113466315175,0.07567469832364168,0.4312321988197592,0.15701044829092153,0
-2.9926669207333876,-0.780387492021514,-0.11186746227069488,0.28241972125273074,2.107399110836442,-0.5315542332553045,0
-1.476093944007632,-0.485379079808705,-0.865088901230634,0.1594375506429649,0.5473445556321188,0.1081385344691814,0
-0.34828443994432867,-1.4403368758693726,-0.3672783738715662,-1.8177359576621752,-0.5257689033216636,0.023670284580057467,0
-0.5031094279125078,0.5845293069199723,1.682621710696525,0.1371043050348011,-0.8572037002764208,-2.0649881828130336,0
-1.6731811232632074,-1.878166365901002,0.2760296200382799,2.2745875802001594,-0.013749618726869675,-2.2458745364693358,0
-1.1058053129978924,-0.059576535540676996,-1.418828945589389,-1.3786482777027282,-0.5919361321572731,-0.10699794281835655,0
-0.9346440020077562,0.5252136316988575,0.14688529025473618,1.0368258038165639,1.2064223697108536,-0.16007759745338868,0
-1.9658803358663988,1.5909142246487693,-0.42386887971555764,-1.3011827468713553,-0.44239356120681517,0.384852980995047,0
-0.34122977517506514,0.8021319618814632,0.30916754897960114,0.7573785195556122,0.4407339288991849,-0.9511446779095077,0
1.2285985396890746,-0.7292611061389982,0.7920093751562067,0.11841249752199473,0.24884131042658386,-0.70783601735854,0
0.9098004394079369,-2.5806767173501806,0.5829560005813925,0.4987045019776707,0.15915320057010732,-0.0567371743471584,0
0.6016339309054353,0.920269226715359,1.338470972286582,0.2788518197186404,1.0033230147745262,-1.479437171232876,0
0.13516188943518714,1.3930054262878069,-0.3710561052411796,0.8983217884475907,1.1649493415314813,-0.15341178316724954,0
1.9434952968295045,-0.4845915098994635,-1.4356000927523873,-1.76095308534244,-0.539905268199797,-0.7644559129213627,0
-1.481992168742749,-0.723820309197155,-0.020786641746389455,-0.40821216075615463,0.40563131953431913,1.005924480549669,0
-0.20678483765504513,0.7072956958477769,-0.04149643681823163,1.6744696806192252,-0.5500667487950098,-0.564842955209783,0
1.7299242767022798,-1.6129751450133463,-0.06745823576678556,0.013396822205518105,-0.06439039752004998,-0.45187362978366946,0
0.3592288193820041,2.919715493474896,1.197262334787627,-0.6489789305800866,-1.4506337131204852,2.0046105292302974,0
-0.17177359997681765,1.6213423316321371,1.8109319906383914,-0.9039976518028177,-1.0034590706511393,0.42814705300872313,0
-0.31674562184569793,2.3613491319883697,0.8793080729518478,0.5418668655304165,-0.2345915797624992,0.30247039539142345,0
0.5382197029250185,1.6976078180941845,1.0983369603433084,-1.1032441912784345,2.124988407838647,-0.2515635992637808,0
-0.5661659059036984,-1.0273609166927118,-1.0901625053955828,0.4583569887112964,0.4845458764296944,0.5618311628557336,0
-1.084686970069819,0.5170356608974136,0.7290255865891079,-0.03304152372524297,0.7488199896284814,-0.9237567625585137,0
0.571082792996097,0.03609753360294219,0.050494508280682825,-0.40410488595402955,-0.04645928795126502,0.7968625003971705,0
-1.7658814451468436,-0.5166472676710628,-0.22933632782828378,1.4605508851380105,0.8057869335757802,-0.3069816261046142,0
-1.6173378309835265,0.4498874051298375,-2.167859950301667,1.199970531613715,-0.12255539453327598,-0.9135616672142793,0
-1.0501090961290032,0.1880089143057591,0.9172742266960215,-0.6381018811763315,1.3247237034719197,0.22905376823963383,0
-0.47932646939092177,-1.0002941329519022,0.5356552833300484,1.5036736107970852,1.5460721333721161,-0.9669666173249853,0
0.15870328905050726,-0.3540841548429591,0.017113082881820618,1.7307512579671467,-0.9101591900524348,-0.5382088920618076,0
0.08671372472213744,1.5639372976431294,1.016601159068092,-0.5186738563748052,0.29634924265482027,1.249084514697751,0
-0.707150546253951,-0.20377123573703054,0.14428187517623656,0.8088912762884714,-0.5238248091660364,-0.10135757181585163,0
-0.6191194403207981,0.950747994752125,-1.2035669963627504,-0.0747903856278388,-1.2053189482761923,-0.015660946457523726,0
0.8409275359147234,1.0714477462437764,0.38196567250399033,0.565915648194995,-0.525282453752533,0.5481463333815051,0
-0.588281738438381,0.0013302834807135612,0.5661279718429976,-0.6041759177687434,0.06315640569170562,-1.0012850960327155,0
-2.4481166669507055,-0.5944614764320836,0.3481657869779554,-0.680504550119056,1.2580707761307033,1.4261934587208362,0
0.08307923483292788,-0.4856579200884368,-0.7037066506252974,-0.24258637485880222,-0.8574282902280631,-1.7791397333204821,0
1.5165529600375096,0.2224582933289289,-0.028799517653500778,0.4052665866212657,-0.6595393959656488,-0.7818334206137705,0
-0.7579049851028234,1.3442277061719912,-0.7279259716454344,1.6311531854235866,0.5626023397462276,1.130005690744354,0
0.47912920841117784,-1.0487944132434415,-0.7195903740330264,-0.4926653531018361,1.2922740995320032,-0.1645606758926843,0
-0.17979332147240173,-1.0565392392102022,1.1020385388950173,0.48108172753477246,-0.8354502384663767,0.7542196446423702,0
-0.6202982087405687,0.8246932056918724,-1.1711751946953206,0.19307609792625963,0.5172581548480113,1.024989895841745,0
0.34150556941491667,-1.8187208282065295,0.4317635947235859,0.22450741928757673,-0.15583230920674268,0.9250541209876291,0
-1.0986921602316837,-0.594751231964107,-0.08445239309060196,-0.7838137782644605,-1.4581928704530842,-1.8067079472437197,0
-0.9968053062293167,-1.4266928802854844,-1.8508734824020057,1.4656401665133079,-0.8234357735267452,-1.7020754755502228,0
-0.9573104116897542,-0.960458857634057,-0.45843669559409733,0.6705941297494361,1.3052648644210918,1.4703326608890879,0
-0.5630565465217476,0.5692282351225938,-1.9041196474385105,-1.2187378053095277,-0.8344392615960344,-0.5623902639046179,0
-1.1815485978092504,-0.11105265862388183,-1.7731283049784343,-0.5017912080581713,0.060574448656813114,-0.38481196598197914,0
-0.03111859723253017,-1.491518450461247,0.28763651747748764,0.7098485624948226,-0.5833599458134796,-0.7583376358398741,0
-0.005949861933985051,1.2858685599000346,1.4785731115815441,0.2778919495283872,-1.3853310182343332,1.7361030657006904,0
-0.3286118905919407,-0.3048099506754737,0.6226801316305355,-0.28142078461500625,0.19083128930803595,-2.3104037688091954,0
-0.17710800794793147,2.352030591185839,0.9216109898782787,0.9574032387970962,-0.0799230069866633,-0.09614629655562874,0
0.32445069397019416,-0.7084999173693277,0.43912549991815397,-1.1070766839464352,1.5035964695628838,1.7604352695552037,0
-0.31534756775471623,0.6496588299964837,-0.8185740198344609,-0.18931452961655523,0.6420081274197441,-0.7745793075821233,0
-1.5162019362607397,0.7956031794197355,-0.13693240730925269,-0.25419872218444617,0.9874454592931277,0.8088060779392968,0
-1.387796937505286,-0.6660652310624076,-0.5318089401886262,-1.8890930806859196,-1.2357944118259054,-0.011170758167770687,0
-0.0231775568931932,-0.39462284726218433,-0.3910302556344356,0.10335430360847772,0.5251322894853969,0.5699792374670711,0
1.270780800389221,-2.4033721984556466,0.17078956044217222,0.012319140876485668,1.3697760452186742,0.897642944141437,0
-1.7860333115964913,0.7932093505139487,1.867266802859545,-0.9431083167319881,1.2005029758504513,1.002479182897393,0
-1.4223565565216678,-1.62271303785624,0.44321461595286366,0.7877666141208105,-0.25748118859605545,0.7647140248324056,0
-0.5514921316927371,0.5676053629579628,-0.2793339084230576,-0.44264941972123434,-0.01864070998812083,1.4691103802424728,0
0.9428288640657914,0.9973020765023715,0.9729523258119566,1.1532794884265993,-0.28586824489593826,0.08440878727088705,0
1.592899501066378,0.017435939320400697,-0.9708572279012008,0.9301621000401274,0.6644463632050006,0.3577663330341529,0
-1.9862967490157868,-0.7367763753171935,-1.0081864299072385,-2.6996901222291227,1.680432297409203,-0.7232445405874358,0
0.3283564386943458,1.8374034766892917,-0.2587101208782761,1.9915615504993873,1.1934278386726245,-0.14801265049066825,0
0.02353206383128175,0.49004314374155483,0.0725529539616863,-0.9080471489964359,-0.20085366442253255,-0.29764972701908193,0
-0.9503325050849779,-0.4738758409037299,0.633536891357463,-0.0731785281066108,-1.3376319249389736,1.431035388068117,0
-0.2655648502220624,-0.4104318410040669,0.5179487840146806,1.0566036499599212,0.9525574244627365,-0.5036266969982762,0
-0.5271835828255085,0.44874224902730964,-1.07228989240267,-0.3759657633545764,-1.3256315376952654,0.2591341583078907,0
1.4254478841949991,-0.9113488258572392,1.722181556780783,-0.03759423779936537,1.0320493976197396,0.857280572080683,0
2.1127016232155706,0.40822934432771035,-1.276269078105664,-1.212232352770607,-1.2437674348505385,0.12802100584878823,0
0.049773702683010304,0.6497115556144661,1.3115223431496972,-0.2574020863697512,-0.3514938497898735,-1.490394374483827,0
1.4039024474590867,0.06918465528132693,-0.2539260518788832,0.04189911574348888,-0.8008093769303442,-0.9441907405960811,0
0.08075737847038587,-3.111505696867043,2.9307308434327335,-2.586243385907742,-0.08391311773841506,-0.754691930058411,1
-0.7121121484526347,-0.6018608349930697,1.195273816818903,0.37511875346630935,1.0944491670285077,0.8660536015353488,0
0.9700062939161599,0.2749496072191332,0.511092818500902,-0.6868933965386074,0.625533812804436,-1.0214191303434923,0
0.8144590326302796,0.11793442984236822,-1.008856014276971,0.4482012174464495,-1.49295034799158,0.885299794006485,0
-0.6436901517405771,0.3151310245927015,-0.026858339830382997,0.18654480661514863,1.744000597430851,0.2930578433791129,0
-0.7042972234947578,-0.4865461257216151,0.34247256768123063,0.5195555829893413,-0.162596095637703,-0.7954351637608281,0
0.027121918020164688,0.5543024168391743,-0.41073899930394053,0.7662965918659159,0.09338051811960492,0.6904554852663978,0
0.2987774287819563,-0.4828767548778047,0.38322657105624586,0.03601995989650911,0.22473343804930695,-1.4802336525657414,0
1.5504562653741671,2.31240890481852,0.1776653079429465,0.7050142901982296,2.373344321793505,0.04382843036755617,0
1.1034596236632044,0.6909540515442152,-1.2134186497340023,0.4085969250588259,-0.707660513943406,0.6515845158291066,0
-0.13784181580080831,0.8770158702465749,1.087422521902481,-0.7500391220890026,-0.5564631871417212,-0.37885285913783523,0
-0.906145085980037,-1.346449246463696,0.015386586723810755,-0.8753167852710171,1.95217463348124,0.7937474488629189,0
0.7164761919470394,-0.13140789205346348,-0.7166072492446298,-0.7172373359386074,2.041677472740321,0.11471043434305744,0
0.890335131336207,1.7084020104455886,-0.4175908176300017,-0.1423768203362025,-1.6309558760225618,-0.8025581713185341,0
0.013495022262385166,2.00385049694129,-0.4416217806337503,-0.12779966560628464,-1.4224349335453879,0.4067505406018333,0
-0.8430610278969602,-0.8359858585082246,0.6906693883039511,-1.0274300928836273,0.7381279403199438,-0.08536413048140128,0
-1.5472168173846355,-0.371501878996143,-1.0170348465016308,0.1382621697532629,1.0958930731931993,1.8960630532309224,0
1.4766681523145249,-1.4501282042425816,0.8977477778651064,0.8000631231193435,0.7805205734544106,-2.880733456791855,0
-0.9658641722024797,0.16598511578552283,-0.9137702929385201,-0.5426480127821093,-0.5629819205250406,0.39540001434126315,0
0.4257768647303454,0.1297628821198842,-1.210728451183253,-0.8510280632990174,-1.0870351851562559,0.8752069807606345,0
-0.8045691078356513,0.04496704575662798,-2.0654878499584264,0.42744029631050895,0.11262065890729131,1.5722981374855969,0
1.1231835324777018,0.8984909647118426,0.45735278230006066,0.21566270982550964,-0.6242181851428138,-1.494157555355187,0
-0.5497414229232294,-0.19210706653410012,-1.714681688834131,-0.2863967282449943,-1.376296772553073,0.772982555991564,0
-1.4570807372754069,1.9870522205957046,0.71452180780324,2.1530823812943707,0.2272063212719551,-0.042203829541204135,0
0.13321899878115329,0.21000265819877834,0.803818145979016,0.2134852207934663,-0.456681181164673,0.2855735504133153,0
1.2917217025148457,0.5882231538050625,-0.9359524421179718,-0.8989836163010785,-1.1136668152015856,0.003940919774916899,0
-0.5483044796676193,0.6788719140764643,0.3996738999516145,0.1611090051966664,-1.6091903640446754,0.0918181124454997,0
0.2724244646875578,0.8680513022304757,1.215437548920452,-0.07168343637214,-1.3352506748398598,0.5213520119649878,0
-0.22901765981405778,0.3612674357409222,-1.1882703965655315,-0.9282426348332716,0.03798087119785306,-0.12528992846073825,0
-0.8259813678168185,-2.3219559955341738,0.9198118425068252,-0.024386322312556077,3.0914337249924624,-0.5655677937367546,0
1.8569330107099402,1.7005167874791876,-1.5825409542180984,-1.249049188169825,-0.689477893063445,-0.4045105142215099,0
-2.017111508827076,-0.6222663943717021,0.8273513574670847,0.16784473356161403,-0.3462122297539293,-0.42649733472866513,0
2.291965909251022,-0.03983498739356154,0.5907581747485863,1.8534232796203474,1.1082329071356272,-0.13534911789251902,0
-0.19308886347247722,1.4446267170203169,-0.11282737684386182,1.0018331520687112,-1.5786307899920193,-0.3685466914110549,0
0.8872329323438639,0.13448886439933727,0.7124728683174852,-1.2891951977332223,-0.3054913884916347,-0.08059154470742048,0
1.3982755576114456,-0.6807022919560495,0.08496976352136966,-1.5411093333190602,1.7303089860220615,0.29061716313860597,0
-0.05204974619404146,0.17490804879288605,0.8210991883458285,1.078915543356099,-0.6456538646284312,0.7506373458128284,0
0.975531311807024,-0.3510469927800623,-0.9814037207331672,-0.45373968741344994,-1.9500725311444493,1.423862368221519,0
0.22967272801848665,1.8782067103808935,-1.0670935567120376,-1.0425175040866161,2.2247753520104037,-0.15826871994901798,0
-0.2352576154911848,-0.1753981239388444,-0.8221576285541718,-1.2984376955356278,-1.369798679226877,-0.9240736177702816,0
1.3453920551399374,-1.6016714529114136,-0.7782863128625053,-2.3925453225659767,-1.95877428354707,0.02919411863205335,0
-0.09661086991809925,0.6052108559668565,-1.2205395929068195,1.193851211152642,0.9210468166527592,0.25548409130972904,0
1.4017753988166728,-0.5947991331426202,0.9743908655903932,0.5378998133697998,1.0083705159412524,1.0141051973325002,0
1.339207292978949,1.1477332538707468,-0.7616639813748957,0.15450846504372504,-0.8322186376020986,-0.6264043983525169,0
-0.13228840443480103,-0.11382004657984085,1.1313373904538764,0.03781513937847177,-1.2837587050925037,-0.6880102781580029,0
0.35761834199789755,1.8462872373275119,-0.33139530095842207,-0.5955327267617126,-0.4912561792657997,-0.7773353103028765,0
1.2045872689181427,-0.16264400010977298,-0.18791033280812447,0.12236274013155324,0.09960999414271653,0.9010139827180493,0
-1.8511057680460261,-1.7296138563315027,-0.9462866048346891,0.6629879272605526,-0.6435171168147259,0.1894415167066229,0
1.2726877026564944,0.022026179907117686,-0.7708970421622637,1.5395659204081633,0.5312951320156154,1.2772503887092506,0
1.795741662846747,-0.7481880324250334,-0.7503408965596655,-0.42934377524559536,-1.5201446597055852,-0.6607187460108764,0
-0.6867395617424089,0.5397383488428673,0.5478146407915567,-0.39841515241969633,-0.2533909679308122,0.8805467260998445,0
0.4561789678061038,-0.05342436705598588,-0.9984516241677364,-0.21955387542452054,-0.5985269828825514,-0.22293735403257195,0
1.952317591851293,-0.6301020368077062,-0.653425681673485,0.09567971720288439,-1.30046523731235,-0.41134304746478056,0
-0.9284044579221619,2.063020038371437,-0.5597360848881234,-0.16751216659032467,-1.4601997054756743,0.18919818611277286,0
-1.5376671707727982,1.5068282228519436,1.195109965813898,1.208058679850965,-0.13857513236668664,-1.8505701859655328,0
-0.8148732227649105,0.583479913836316,-0.507133275196857,-0.5325089981665053,-0.3032735127930177,1.4226426677275492,0
1.0909386551908653,-0.1449697184606385,-1.1395304834877822,-0.5364038693998295,1.3392591870901986,0.403454432346894,0
0.38532955965959986,0.2417339692617682,0.7699549773813643,-0.8386014821060943,-1.8482845302739686,0.06674254691366235,0
-0.3732325404895827,0.7304939692129693,0.9122814912000649,-1.1187908219537113,-0.12807789007623194,-0.10537128375943539,0
1.1072077424429196,0.45143042638436903,0.2751038550306432,0.15984886015120225,-0.013059515481972268,0.6643352523782786,0
0.0049583523439447694,-0.07965925123861019,1.421316536559347,-1.3248436049904155,-0.37043529498739197,-1.3018597891846753,0
1.1748419604417322,-1.0748513449024326,0.2688294228437218,0.8044561564678085,1.7961725414320446,0.801235824662867,0
0.16218022476580451,-0.10359175026280104,-1.8900655591794269,0.35393904841518564,1.628222994485462,-1.0907510783065166,0
-0.13453610638906305,1.0958541247252438,0.9225222536818352,-0.5542528311965302,0.4046200697412173,-1.3076919201146704,0
-0.679111219393236,-1.2185640686395587,0.2730403737709274,-1.5150357792456364,1.6613470240752362,1.2118201730701335,0
1.1843661359686448,1.0809872961385432,1.2788871892234803,-0.21812993351960042,-0.16203621160717996,-0.7836777653758098,0
-1.841623045740849,0.5486038918449837,-2.0918194471305567,-1.3688453352617629,2.4159719639469195,-0.22296567941365011,0
-1.2432523818928858,0.46739574905994696,0.9426585108756842,-0.7751494103721287,0.26809585293858035,0.355003244936995,0
-0.3393201215325218,1.7609874836775192,-1.5624971265241607,0.900425792214491,0.7055847017946227,1.3734227609226894,0
-1.284654974753496,0.393247649902284,1.2124385424058814,1.274219183277514,-0.045207435417961545,-0.06261075295765717,0
-1.3723058394209036,-0.48958591422584474,-0.4427918442757645,1.1206773755588522,1.0148794281587912,0.019657937396597443,0
0.712694277436953,0.3999656714302271,-1.2797667898261051,0.586896915348555,-0.7093073018315353,1.2661637270313137,0
0.7297592603265949,-0.29241274371051423,2.5890854564738497,0.03178203514950332,0.9532929943321263,-0.5874666497430293,0
-0.13636283748158987,1.560290748235131,0.5032009347453766,-0.3279908967801955,0.4666034196447473,0.754480809490861,0
0.037657820729643854,-0.3548916263876207,0.10779628690196538,0.24460393029237132,1.4255498248269933,0.22177959013282764,0
0.4442035403950525,-0.4103708926900621,-2.4698935760751493,0.30623240036663996,-0.7245635929082574,-0.7442224242981827,0
-0.8494519079253551,-0.05926618458155883,1.5069228388615876,1.2487938884301029,1.731421383570064,-0.007708572566181059,0
0.23841254347164964,0.7813887449907279,0.6906329472699116,-0.9095981883032496,2.441252465483912,-0.4886721445549847,0
-0.3324277986845696,1.1667190455168448,0.8794200425420182,0.08159594236776059,-0.7299711607193591,0.9974595814187223,0
-0.09329287922302186,0.7632038920042072,1.0025307457048742,0.5094907266239463,0.5532897985151427,-1.2738031608390454,0
-0.3417903690057437,0.6473345233592134,-1.878565909822535,-0.9358547439062265,-0.6058756549300521,0.9360353643458809,0
-1.0554440949307617,-0.2537813707182797,-1.1479594439389105,0.15894872010680927,-1.517580994970288,-0.5525565929649312,0
-0.014957838049389997,-0.8313444468614041,-1.5047983419782405,-0.40934006839619513,-0.42166631970318325,0.8960405518299641,0
-1.6193201085306033,0.559422743101986,0.5786781465749037,0.6223751191530473,0.06746391826524843,1.1001980183770155,0
-1.0113697299514106,0.37336678378503935,-0.19960357466341258,-0.3380495541539281,-0.9619918091937157,1.0489117469204339,0
0.05025690709222644,-1.1809123058318085,-0.3139693033832421,0.2649318252616843,0.18147548086621643,-1.9879613432307826,0
-1.2953653256187114,0.48590143358517085,-0.951487193200083,1.1506651847305565,0.13116867721604486,-0.4136701845157234,0
0.3101339544006882,1.2116235991646982,0.5882854917092275,-0.5212495875896159,0.6045529205147869,0.03237922927472549,0
-2.288491203746409,0.5885445224247176,-1.0455856638905092,-2.3051888396689133,-1.0131732852584465,0.7697942114765586,0
-1.4426857078191575,0.2523662243577221,-0.20032012534959848,-0.5267355293773335,-0.4765203281950403,0.822884690325539,0
1.2525199221759256,-1.263410938855185,2.5291193664593044,1.6501991665786322,0.7519225138286328,-2.1571092558728444,0
-0.3468623780542713,-0.5422570651288178,0.2555083017441513,0.34561346148519884,-1.9008504874775844,0.8551507309034182,0
-0.22399131269013675,-1.446137465140786,1.3338111253827947,0.4249151656511119,0.276832530803784,-0.19597637142426275,0
0.9415476916410367,1.0798784512782762,-1.411376314681382,2.4785399338767533,0.7925014736380419,0.5568931700772175,0
-0.925882240660592,-1.2774989420228497,-1.5442276681402514,1.0510373242360604,-0.053985715240768214,-0.05834201356476342,0
-1.450088686526068,0.6442287149836581,-0.7493775123923803,-1.1779469742010833,1.8919703328025474,-0.22825835977621153,0
-0.12779652536107042,0.3933792169192703,0.7608149094290407,0.1472026399132157,1.8319684761701363,-0.12988087606675625,0
-2.2454613437266264,1.015844433886194,0.3828811463731638,1.5864679421723902,-2.000598753150307,0.6123628545811125,0
-0.384271900494206,-1.0274088493757716,-0.45004095424624513,-1.3399182185978367,1.3736657862079247,0.38406312774436846,0
-0.27839616395120825,0.5969787614413956,-0.16151540987469315,0.548230018623647,-0.2786395562356477,0.47069083138215684,0
-0.4984254902264113,-0.35888163159970227,-0.22583588978347147,-1.2014165513136228,-0.7879968126609727,0.14756032436544356,0
-0.15403868642853535,0.32220748271101296,-1.0592580353759913,0.18654983587640878,0.09446234861546952,1.1025360001938833,0
0.3551885894532139,2.1329858812279507,-0.853480711054783,-0.8599869477764418,-2.1770151960874777,1.8729409672122,0
-1.6593363792157563,0.26949945392566776,-0.24003119207594387,-0.41929307913423275,0.7972385506949211,0.4278479517986471,0
0.6683057149482159,-0.5816321167107471,-1.399973234025944,-0.7957842337673393,0.10857776993674713,0.4257610565798536,0
-0.1959463654049504,-0.6450690748735758,1.0314971618513447,1.151220814496664,0.584580610771517,0.43997654328065733,0
2.0976985684880383,-0.7347329786746619,-0.8312213531739183,0.06906894795080669,-1.4237081849140816,-1.381047395566971,0
2.1784589485638346,0.41897102330937375,1.0427788072955109,1.7119881782960606,-2.449496337095923,0.428096311203664,0
2.531131337434209,2.2702941162019004,-0.21434243871721706,-0.29747159105888665,0.5375744529705786,0.09897732471616195,0
-0.9099680918927074,0.6374095974625323,0.29759020936336966,0.6733310662636266,-1.7454383535288087,0.007810553015153103,0
-0.17651611247471377,-0.9730073626333092,0.19994121453818806,-0.8726988872484597,0.20109023816096597,-0.23397863567942465,0
-0.6424382816550476,0.27587813537449807,-0.8358424387174319,0.9981044530928135,1.2318396701477887,-0.45820594282922195,0
3.2393922297997695,0.07045180599587161,-1.0666707778796833,1.3771142855981948,2.513991294959385,-0.18186392973804957,0
-1.1879432769589875,1.6509920895589345,-0.78341504209757,-1.3784313466969798,0.3250376642828339,-2.481125710332351,0
1.563450070502437,-0.7462568561087128,-0.43072351226294764,1.1274242294650576,-0.9014077374992958,0.5882201907554372,0
-1.3701058003683402,-0.26546654219900256,0.4447044804942389,-0.692323098671247,0.4736662401540728,-1.1768663104147987,0
1.3062436574824052,0.07954016688318066,1.0572843930144469,0.42854228558085455,-0.44977374595287944,-0.4869331681721888,0
0.3204944678462389,-1.2556713978658887,-0.20862893124501086,-0.10634409234932868,-0.16796245190227985,0.17133497412049375,0
1.8835696077482054,0.8558037389563478,-0.8631769410905308,-0.3027608625376981,-0.16859895361687963,-0.0867650451101471,0
-1.7000567655532144,-1.2578560876244862,0.7642434364297495,1.9502532956097465,-0.4978639352580911,0.28183848202286527,0
-1.4752676958006203,1.5675711682988271,-0.9868856268898377,2.9482161626586927,-0.2695218291218369,-0.49366479264105095,0
0.6109746716506311,-0.4932379846786254,-0.8711982089038236,-0.6073264919788119,-0.8716473657338387,0.3683591689163079,0
-0.8943057247060734,-1.4143027478406989,-0.03649677884125775,-1.6699732959330462,0.6869585865845403,-2.202734045792758,0
0.763339895284638,-0.2498914176846944,-0.7821559079288595,-0.5593323891552905,-0.49545429133267127,-1.1396353554805871,0
0.7166503628108607,-0.7442690078431419,0.6456540051901323,0.44149365038087823,0.5112180830516866,0.06216768828097898,0
0.6092079527335673,-1.1509179564491987,1.997987491450868,-0.2937654479267762,-0.7771248690253881,-0.1716701710069841,0
-0.1928246757229568,-0.4161956208647234,0.24097008009751902,-1.5379535311093058,0.941420909231259,0.46889780763604977,0
0.0020729786989118104,-0.41881193963700664,1.6428094141421112,0.9869866080854602,-1.5277774988386847,-0.5995365675520212,0
-0.7657124764279484,-0.17367882664535272,1.2981777947751398,0.9269228957419855,-0.0607028103696155,-0.1108211704415841,0
-1.6829664359286236,0.24127205226127363,0.6688406147383325,-0.3165698353598182,-0.4703928162648676,0.35502107296507895,0
-0.33153654195003773,1.9543621772005748,0.767029303438967,-0.7051453616125688,0.8261692751651156,0.6141856833867785,0
0.042121443267566186,-0.5799849944011111,0.04269084809330815,1.153996353420085,0.20950887880325397,1.7425196209372371,0
-0.2784313671331763,0.31446593937512746,1.0747497907508177,-1.8487555692848794,-1.625865303597393,-0.8864562548730853,0
0.2646460744216707,-0.8852480310743126,-0.26661704254599095,0.0927565215419181,0.4300623640039825,-0.7295932126637548,0
-0.23949457925786757,0.95167678202202,0.3305278070133936,-0.6325583443189415,1.1677944806425706,-0.6429618898785167,0
-0.2943381870909689,-1.4575879749331204,-2.149205370391562,-0.5581724207110037,-0.4654553619119731,1.4677608569737934,0
0.825043236560799,-0.0437451592277997,-0.07361252809742828,0.1762071858192912,-2.6971768576897537,1.1702129810277533,0
1.4467533646985096,-0.9331185776949669,-0.6257838725805829,1.1870078196244391,0.7505517126516265,0.6535006782103404,0
0.01721223536174251,-0.1554418064378658,0.928940906653183,0.9081292289308678,2.3088869287606353,-0.6562421748715577,0
1.0614063612840199,-1.183711206590746,0.08823929281093502,-0.4836153494319072,-2.82438530161656,-0.8342592322869078,0
-0.8555635508789717,-0.8152409872713687,0.7075195810828714,-2.6911276103794246,-0.5765175078373165,2.9689846330485037,0
1.1710984090194314,-1.522615052547577,0.7410187489086908,0.9983781141070333,-0.189081001146834,0.1694645243038469,0
1.2622412146318365,-0.22567023261448227,-0.2687842928332682,-1.3031959744942725,-0.4429603545430376,-1.1458721743212843,0
0.1950708790102027,-0.49533637161015576,-0.35664471027480416,-0.1708170303719288,-0.727606399894824,-0.20851708797292753,0
1.5071793982834991,-0.775575168760437,-1.4190273422696815,-0.535619712319433,0.8032794666706157,1.8196782060924765,0
0.4416235368871525,0.3016774368494768,0.8971908136116411,-0.4611270486938371,-0.6211007587407926,0.471109883138379,0
0.7381648446899047,0.7658048220757424,0.4269241960730701,-1.200857010285009,0.6016549230090056,0.07518794985091422,0
-0.7973258299742872,0.4894526722326126,-0.05021555062433102,-0.7973326259009242,0.97097228377159,2.076788492032022,0
0.9358049999481961,-1.336012842091706,1.0858083073329552,-0.3369321460876556,0.31350478429580986,-0.6639557844710897,0
0.8304007723614062,0.7976125443115228,-0.3942035783020051,1.6741298137287206,-0.033802782856505384,-0.047798229972965914,0
-1.8187769853152773,-1.0608813755315145,0.36901914858658924,-1.6555809940344473,0.6829802296278733,0.12516849230271648,0
0.6750152194773639,-0.6119861771167585,0.22642346366461055,1.0256696873087952,-0.6676692353074066,-1.2908258282927485,0
0.43944178617743646,-0.5092805285164318,0.9886516583767522,-0.2480379590225919,0.17598694633348128,0.4908711264755101,0
-1.3046543780424404,-0.3596501779082186,0.39331292630231507,0.9922407760983198,2.0411690632820814,-0.13350728244504068,0
-0.8930550951012995,0.21294647415987297,-0.46936565963369953,1.2390011928789553,-1.9021778908328744,0.2925175501885676,0
-1.4035235128000287,0.16200510235862128,-1.51762745512937,0.9051647184717546,1.064435444153426,0.4448012694487101,0
0.02651746664625858,-0.6529979076875958,-0.7138566207458812,0.31792494406413907,-0.26940564951160484,1.544215901897437,0
-1.2627188965151896,1.8946113951223569,-0.6159559195139784,0.2067291889271218,1.0878781004585996,-0.8608879377927823,0
1.063338904976684,0.24338675271024712,0.436388257690465,1.4386325557066277,0.7534160798022262,1.706833197225352,0
1.4290138705831206,1.2296095795101951,-0.4312767290314535,-0.1309342939828294,0.11791848367936236,-0.3786439492007923,0
-0.38168307281348485,-0.15523641791442036,0.6997805142904128,0.8741491284485376,-0.6166730792780329,-0.02495149255100383,0
-0.6949461599059232,-1.3510993588357634,-0.4022252666064859,0.7030745204952374,0.016347790658718366,0.428126172047569,0
0.8183611124769786,-0.20106265054464387,0.584139012075911,-1.2524650540275037,-0.6812556569904318,-0.2855250693814945,0
-2.1775172587115192,-0.6996548656004085,0.39087277291746364,-0.5088716483684681,1.2064479953899163,0.7320128166066021,0
-3.0724895087912167,-0.7576853096477849,0.17744565941482326,-0.7086246135687946,0.05829819115750545,-0.5713978443121837,0
-0.15089885218073867,0.27927194216135953,0.7489928448705186,0.15683000606625705,1.4242441536282315,-0.6290196616072249,0
0.9986766166889358,0.7973081243850262,-0.3783876607122279,-0.13387009875975728,0.34756059349231755,0.4000522699346555,0
-2.044655776977158,0.3720390284209994,0.8219663329506083,1.3518183969322306,0.27919079266323144,0.8101598082121207,0
-0.02569543740583093,1.0154911524309755,-0.1622624363043203,0.039141493677998865,-0.47582614269963414,-1.9130715308837754,0
2.052081507126512,-1.3298853512613724,1.4819993277223495,2.242025526239351,0.9064444723996116,0.05199924048672365,0
-0.0404211487996954,-1.5915036465526393,-0.2121355696031343,1.885696176984287,-0.9818279060864241,-0.892049185940324,0
0.5247518711047363,-0.2591255118185525,0.3205326694244121,-0.6659302648560349,0.2739775710496036,0.83924617101776,0
-0.061168468540115435,-1.7111607281238164,-0.02276269935532779,1.4212668078338409,-0.6260716244189687,-1.1364682015624603,0
1.1739974967435125,-1.3962998100616166,-0.49322306512475284,-1.3807863871357606,-0.598424953634896,0.16580791401051118,0
5.5293952500551296,2.527528621136087,2.9365112530920823,4.812091624433009,3.373444046451165,3.2926839265195498,1
2.737115868152142,3.586413704487925,5.243903756966834,3.995826126348997,4.749217805895411,3.211082336657811,1
2.747181297219571,2.5780546020149586,5.011891762823038,2.962465195561855,3.5952398884290666,5.453101115877037,1
4.046444634668803,3.419988304546369,4.007813680925731,4.9671729898263175,2.410146090022524,3.7949299318245693,1
5.656789918852289,5.216720071661118,3.7945905836947054,3.403069525485046,5.107473640124832,4.811488944076326,1
4.244177032432748,3.5080864818906954,4.4203823568432545,4.868093157028208,5.546898908569997,2.7986485871554,1
3.210624041503543,3.909842206569867,4.110242214985026,4.331149496214295,5.312223417127093,3.663240172122232,1
5.3277087824077105,2.832161698258626,3.842045374848991,2.4800866524108907,3.5998217669540384,3.9645779790793956,1
3.7103668149789346,4.9035687981761225,4.538421000274106,5.476238012207848,4.343665335393376,3.603715703412595,1
3.0438455623132805,4.998859460962641,4.039807674616954,5.568258344320255,4.998315114201261,4.74488079036867,1
3.4046577157990434,5.627401419096663,5.061821071453602,4.704722818499484,5.2116171290748365,4.296767526130326,1
3.358795582930111,3.744578119646005,3.6442417818168638,6.547076008794224,4.88086988278111,4.686783245502215,1
4.271114321351239,3.7285532914317647,4.0936150595646845,3.1915174252745437,3.8448635582016477,4.87343750150749,1
3.252025164997746,5.759752043507135,4.415467646429161,4.202251656008788,5.311573372205438,4.254410811690937,1
4.349140333660775,4.662935571870097,3.6055100544294274,3.0830473631130006,4.652559623102321,2.6859432880266008,1
3.8625548733939508,3.9784122334954044,3.44810008852809,4.683190282251386,4.578557731210262,4.473509207276657,1
4.897953734084,4.166142469375354,4.501638603875026,4.515452338766293,5.638533966955355,4.59913201325195,1
2.520758996815265,4.248676536021773,5.697788976782214,5.227665025025495,3.3102621869065585,3.775331454926071,1
4.347789921674834,4.456836621924383,3.749213700657636,5.814683223884218,3.6184674818045437,5.659328425992962,1
2.5747522514723293,5.002908737110319,4.8167364988005525,5.772453106305002,3.858681009547091,3.8035852412022493,1
3.630188872477847,2.584387209517463,4.536269382583058,4.669871684429662,3.2400511403334087,5.227833688749833,1
4.6517133398609225,2.4968637145950012,4.336153987331528,3.550588940348117,5.059432358351383,4.108707636442788,1
3.701312917769302,4.886374365405702,4.797180515345876,4.8054383285948274,3.6760303611631047,4.372761696324821,0
4.820980116360142,5.646686079271118,3.109673294019605,4.875230140572992,4.1974523050495955,2.700878257185085,1
3.279646933780117,4.668243094485406,3.518087763862286,4.193444140581597,4.718287678348735,4.987290224265845,1
2.4544053661729963,4.729058718448463,5.343948044197287,5.102974021342429,4.4464418930147165,4.511110453640246,1
3.5588870261481085,4.033440820879647,4.8893837270088545,2.9935185698208304,3.0943742053626133,5.678733357152533,1
4.832320570942888,3.92804772337327,3.744421244394163,5.408130162477525,4.497558719490838,4.135695813634548,1
