pc1,pc2,pc3
1.6993482726414255,-2.6131441619594877,0.45073234053238864
0.25989505548657804,1.9827349386265973,1.8358048739656194
0.6068217997019923,1.3792804806240948,1.7387189619849288
1.731206538517974,0.9588777981941139,-1.5449084360491772
-3.3789863218027216,0.17603612850709113,-0.34741418802718094
-3.1928996231582993,-0.2925891998756669,-0.123762115168682
0.15752578067363382,2.0318257727821982,1.7217938675174724
-3.9513525381143704,0.22393412973843044,-0.1535855750919809
-3.6522890092998197,-0.24672599735333095,-0.5194519385798241
-3.1419883645601776,-0.8901108451826117,-0.07557875753791482
-3.7325100294656837,-0.6965575326606755,-0.7038993943214182
1.7186454927486507,0.5477887752763055,-1.785084937643568
1.8365340933577228,1.0274809943306658,-1.947784976938857
1.4779176563274226,1.00195292129209,-1.0902289903013909
2.1441395854819905,-2.6969835498633787,1.1771609639786065
-3.317163521609983,-0.3276914114807158,0.030727925163360592
1.3444898854488276,1.308016927480731,-2.159153836044731
-3.490137297101854,-0.31245138742654816,-0.3352011111228709
0.07348869914418318,1.6277682636021473,1.4810893951315913
1.1548082984220778,0.9493550723315074,-1.8265021396832526
-3.5310275955589367,0.2328725427565521,-0.5857769679362075
0.32032167267577283,1.8228870979457639,1.2643485057051222
1.2566813642061507,-2.7007056021159115,0.549710866852013
1.6268636957616327,-3.095501589035075,0.6016737213762391
-3.708568827435749,-0.5065760291190825,-0.8211601824862321
1.166002028485345,-2.4066364690421698,0.46650071118818515
1.5745800020454483,2.7863735085293015,1.2829944832042601
0.7143342417201706,1.4421566440731328,1.2482066319905691
0.9217854589786255,-2.203973129322276,0.2903496104769787
0.6979769339147941,2.1762998203282096,1.6120192736629864
1.8136054686791987,1.0097080373915879,-1.58604516439241
0.6358252921508856,1.4752313713460183,1.80424616015355
1.1915156730924368,2.7097381113800547,1.4955139712181609
1.1631073480167715,1.8735720319595728,1.62667076091081
0.7898425115939878,-2.620302047522613,-0.054950899547375316
0.33693024010919814,1.4560927653663789,1.5020433261085118
0.8091522769840448,1.9254338964807662,1.6800137713702432
1.7517619624042182,-2.5306915515283093,0.7974881196922043
-3.3768567529151134,-0.44043759014762207,0.17379634429169455
0.9654009430791259,1.2592909958070204,1.5756522285218149
2.2597914744770327,-3.0072763650112466,0.8645761674766048
-3.3534126719244894,-0.0038780940649296375,-1.0352558522300206
-3.9351850658879197,0.0954395922971754,-0.5878335898084363
1.526443080110204,-2.142111562859981,0.6136261767110167
-3.4455219500741707,0.12249455782459563,-0.12883819684066777
-2.6262696914566117,0.6978558356128706,-0.07005951818306616
0.9742076787749745,0.9528410950977144,-1.95513561506584
0.7344864650724352,-2.2577380326981946,0.526375177326993
1.1738681094503287,1.9419757584909063,1.7694117721707447
0.7262706134093394,1.7301681929646966,1.4203793838709693
1.0415661484931593,2.187299924975372,1.6596800103079616
1.3761077936894417,0.7537783911261438,-1.930651857408864
1.8432451264543808,-2.1731393151423832,0.39457101115998616
0.6789560993827797,1.9021319100493257,1.9758383567485838
-3.635770128079518,0.004774801902472277,-0.14702698830274563
1.5265638826216634,1.3385019566554366,-1.5958145961119425
-3.6005626287973316,-0.02448095065832922,-1.0314939965672054
1.105624060077828,-1.934283417582908,0.05879599375673036
1.7372359514865197,0.8550083746715428,-1.6083178306623478
0.6173062350469437,1.8399060332292057,1.9913180500675862
1.6211158966210517,-2.8285526343079788,0.7410849790211064
1.772375665985208,0.38843144519676004,-2.18373034141959
1.439707573841594,0.8275634315003019,-1.8520701881068207
1.3927752113373986,-2.2306214534721516,0.5472753205744386
-3.5402354746798603,-0.0975420610661321,-0.3117026155513529
0.9991538699366926,1.8560658121071725,1.6645542957256536
0.8636823577340017,1.8202590860730876,1.260359323816382
1.6622231659331805,0.7780674704594994,-1.6859785832539604
-4.5374172815248155,0.17600674941404715,-0.6696723272973607
-3.427777494901033,0.3319671447063263,-0.8375169275707245
2.318370101825462,0.5999910169397733,-1.419118670683996
0.3892169924277753,1.9032252351808645,1.8034985184458212
1.5660492442743283,1.1723449384672542,-2.0981821917688057
2.3408617286212814,1.3161538583155288,-1.4347290767180276
1.625504725452528,1.1313156135781208,-1.741303758321581
1.2913807288152113,1.1471088196919808,-2.0011648375812987
1.4972505930896756,0.8176711984303534,-1.630236348098617
1.3300174074118731,-2.4869288291626472,0.3000690939593413
1.4819349161362838,-3.0025065091224454,0.351738144535806
1.6201346765246578,0.5602521526853228,-1.7202523508218488
0.8514196179064273,0.43684358689458247,-1.972748391567966
-3.755924050255949,-0.01592736854259814,-0.4514158866178009
-3.4400971279398345,0.052796639026385164,-0.10040068240956736
1.5678207923433565,1.0042282409667047,-2.3618265991259224
1.4987767634358449,-2.4492929389219205,-0.017662071330372404
0.3179426736197267,1.4698544029199816,1.9116592012700115
1.5183855207019228,0.9124637787340791,-1.6488690312544407
1.207609293099056,-2.936363160414796,0.758517741216825
1.3154653242825247,-3.084221780676243,0.3316576160150641
0.6089889983864668,1.9048234466311962,1.7654608804655483
-3.5413408279010867,-0.21344127862560713,0.10971972410584295
-4.046723694535702,0.03156319130721796,-0.39229328640331323
1.6844123178371346,0.8730119161189906,-1.745094642543099
0.49981763436146026,1.7040815109243719,1.3941472458724185
1.1679050178778978,-2.3313343449684143,0.16251478620479937
1.5431677671297956,-2.882510885537407,0.894105575421244
0.8706860858212365,-2.5745965777792175,0.3711650487020613
-3.0903549360147426,-0.4638920495347618,-0.24795009878359547
-3.8351132945105704,-0.03966121124858501,-0.5302360862488699
0.16367540550481793,2.1006057825499433,1.5271436003776417
1.7544196357523896,0.8778828642867225,-1.9312720333817834
-4.13799312276255,-0.7814355873234002,-0.18835343705672428
-3.076854774741157,-0.15632503101909195,-0.1653901576528394
-3.9032193426705173,-0.021067404427230364,0.11699143405318849
1.1972518773809016,0.404312135346891,-1.7559660069951066
-3.668796438225386,-0.137316008031771,-0.5198222241047565
1.323317702624997,1.1816377715325694,-1.7145466612387257
-3.485107176334547,-0.17643319962953827,-0.7585423318099549
1.539940151479926,0.7205548623823571,-2.0417738292895447
-3.2704672179255616,-0.3404643113834074,-0.31372103226960496
0.5830484776594989,1.599768537698514,1.4567053760162594
-0.06768565751402865,1.422374210824903,2.154302041937601
2.1923326204875258,0.7632675232125017,-1.6166757294497318
1.526547480581833,-2.3814324394466935,0.7807761094087804
1.5780005644961224,1.0245042965015358,-1.5202666155543756
1.537236083727171,0.7401468662519581,-1.0833163497738052
-3.4571621734338795,-0.07038171788954835,-0.3198089900087813
-3.870370013310636,0.2105046666531733,-0.8798819382956166
-3.158415356286445,-0.17641507017797195,0.015735797700474487
1.4920518114684453,0.6062558658245716,-2.1298460984420613
0.8815065888690435,2.638930958639488,1.5569281295569097
0.8390401180077496,2.242485392634768,1.7304871997511764
0.6296402078697682,2.3803487006034105,1.6888431452786798
0.8490415090830197,-2.737914379524466,0.20364030668281558
1.511606101577015,1.1990923492800927,-1.309765534108942
-3.350519611393852,0.17163313855645268,-0.6802945705520687
1.3783894459340558,-2.663105462690047,0.022606296799997934
1.5655614732325365,-2.4412788536819354,0.6848856927109688
0.9469217610208902,-2.618740121675762,0.6337420866151926
2.3431573610624943,1.0749993787983199,-1.987577769942128
-3.9300412236496296,0.5846210992092508,0.37487887947509807
-3.4990176909241595,-0.2489279835471778,-0.8285584480379965
2.2373767727623894,0.5150162788013911,-1.7656721568725318
1.0200338709931138,-2.7343048139819275,0.5639731052763333
0.6935445212534916,1.7426178583709093,1.783309615544588
0.41893494832269623,1.383099479488489,2.0324679080089023
-3.438358260768109,-0.030949361346704417,-0.700772217793245
-3.290530898668388,-0.007692635089317952,0.2405113497350394
-2.872245317070175,0.29266437987999744,-0.48331736056285696
1.7434880536624593,1.0022678466231898,-1.5295317584593224
1.7250001003979902,1.3261675875284955,-1.9701110500306032
1.1657945144507673,-2.9031511737451243,0.31330608810561367
1.097169313562348,-2.3859949028411913,0.35556614248388974
1.5142921176099637,0.9006810729288999,-1.0668076921300467
1.5193218140434988,1.0221392852079831,-1.1300859483643133
2.174511429375099,1.4796556562796177,-1.919246304431028
0.428181140106459,1.6692084862657801,1.8979364117455986
-3.656689349221667,-0.26265380972385344,-0.7501690027130817
1.435658248554003,-2.368509749980663,0.9757681306423359
0.34474176700671044,1.5754912967348593,1.710304951637581
-3.5210517822983407,-0.13800289461002363,-0.23682185317913063
1.576223531625114,0.8508527481636536,-2.129175995833617
1.7707852349578292,-2.8483443564016873,0.6145597369978453
1.3743206785258963,-2.4316271411370205,0.8294218409846287
-3.004509253177764,-0.26404514943612034,-0.3139965206995155
-3.914669477411105,-0.4794777091830569,-0.30063863280867326
-3.5709878614300443,0.11626718240821765,0.4129267461268597
-3.3633056652925366,-0.3933481426630706,-0.4712627378291783
1.8448264523678493,1.4633435133357524,-1.8569947721822504
-3.6335218436615695,-0.5547477668149013,0.07486892556175145
2.0742798756018845,0.9403806261699109,-2.116846482039347
1.56575777252212,2.0496244175125184,1.325273873961259
1.3877309137244183,-3.232299789563955,0.5498051797077976
1.1793755683785463,-2.724219500041041,0.600820658609801
-3.7718373505730503,-0.633320099049581,-0.5176011588321219
1.7937180175132144,-2.198967838330579,0.5466935999468481
-3.635566564107567,-0.5278134019708004,0.08003913470387895
-0.057158755616806396,1.5672570123363851,1.8971878825592732
0.18798365746124499,1.4798047412008015,1.7434559790622923
1.6379059082472802,-2.2854936812476896,0.6101786180103953
0.18506080184406407,1.61762988438171,1.7071353776742435
-3.4096895150918223,-0.2522418924959397,-0.24598095300965894
0.6664045837376329,1.7895973347330756,1.8785987672945843
1.246328416880644,1.0531105849959095,-1.7398404615088185
-3.4896884798975703,-0.03271520982975351,0.21588547257927648
-3.4920742499020316,-0.15749534929976428,0.4228444197385543
-3.63419426726725,0.01505004352441328,-0.25932935822503517
2.095782987556048,1.192189532381838,-1.6786695264594846
1.1196312147950747,2.1429604936312665,1.4109855675482885
0.27319811687274254,1.1276767335350804,2.2411088605778944
1.1368718143776473,-1.9278837853842268,0.8478247972263854
1.1403486841907,-2.3989547119770562,0.3349543399209719
1.3486194583529765,0.7639136918541909,-1.424697891139431
1.477584899620015,-2.6576082729546395,0.5355056771851817
0.5558286856712049,-2.2260336718267886,0.03665957565597717
1.0317815432876627,-3.066329515684781,0.5115279861570325
1.3163383988379393,0.5806114724983534,-1.856773936717632
-3.8788197823080326,-0.08438645972536879,-0.7761928670598389
0.8534849268474325,-2.330227323505179,0.0891972953351061
1.3718077396295938,-2.9184062596455327,0.8010448371546015
1.772028123058893,1.2297265071951484,-1.889825512343193
1.2800116881760912,1.1088046082753953,-1.7930608975546192
-3.5383261168441247,-0.5947680842216676,-0.6664299215985596
-2.970113425366356,-0.1857289548332538,0.07301571131123706
2.0081566344241613,-2.3928654495877257,0.8499160877054882
1.3234562298236991,1.7480811192676797,1.616499891651532
0.9827861062519774,-2.5894254312709717,0.38369901207476786
1.4507225918457725,0.7192750438163539,-2.4904668118037656
1.672289922322918,0.921849637570183,-2.185582390448605
1.4586230505189717,1.0871886934244372,-1.9824930412287303
-3.311584713539095,0.01231898026558969,-0.5029587802242365
0.41879200084036394,2.0889797663759104,1.928764147408492
2.236772700778329,1.053648155549657,-1.677564688253231
2.404874089000549,1.2511201189994,-1.916316142863139
0.7685906927858157,1.7368370370665656,2.0078673279655566
0.6322674521120822,1.4809038352597268,1.9315394524366705
1.1532243233893615,1.6015285472769465,1.7743407408125709
0.9514058784999685,1.9542120341739548,2.047165984516117
1.5870529803531808,-2.8972752730097806,0.13319091713166645
0.5936697223376346,1.6577809473732208,1.8853384334042906
-3.967235984990175,-0.5325974871872635,-0.04036322623647031
1.1360554777066583,-2.2851146183214497,0.715614423207763
-3.215026597819835,0.24769353995717974,0.21419107582213937
0.3214908846290214,2.16968991324168,1.0676843213500944
-3.512289082127817,0.2866052733589274,-0.8196988281486086
-3.12063901257314,-0.3169489045000687,-0.41085393054184793
-4.4274543729979055,-0.48544114996251797,-0.5358850255140122
1.1452278422357685,-2.165643326604103,0.6230965393512766
-3.5421096830806844,-0.48488470788062127,-0.8086576078338354
1.3548681887880363,0.7445642594334086,-2.611849366368338
1.9767261800864744,-2.5978555554248732,1.191153517982741
1.5241844177583919,0.9755249034486958,-2.4187149271972377
0.23518161362833662,2.063213804816468,1.7187934026197003
1.5978973849049045,0.7377520237387846,-1.4298447074177092
1.659181185572159,0.705577948734056,-1.747606742457196
-3.196212472229217,-0.23423954034809039,-0.3505698886938769
0.8321190689341326,1.709828820238318,1.8452595019896363
1.9791619812483447,1.01000676198941,-2.15099621823789
2.3228284748809633,1.0209461626011824,-1.6945054476118895
1.6629893510959954,0.9022748557224117,-2.1081207111491858
-4.020192413986668,-0.002238358969134196,-0.21060962903742858
-3.683032993183623,-0.31761720994092707,-0.5082787719929887
1.6300532600406616,1.2281815756539254,-1.8626629291979715
1.774258683597301,1.4978932457396643,-2.0182464332147556
1.101641010538834,1.8030573153702651,1.6187214015135167
0.690505596525776,1.7898907272715556,2.2102515018039535
0.9135517450238768,-2.7285238736651354,-0.11012157364274779
1.3608032284176865,1.5872454626175563,-1.999876564714699
-4.248041639152487,-0.3979625922443486,-0.5780373472198858
0.5734648787157223,1.6974541048840097,1.8770693796302187
1.835161447397431,1.060714995390594,-2.221907826388886
1.332927547280756,-2.2168718811854853,0.33213143477493334
1.0251407228788032,-2.60396802150533,0.7695324603744129
-0.1325663939930146,2.003300904328394,1.8170942231014875
1.348127377369928,1.1509968360596021,-1.373092791572167
-3.9703976800646164,-0.31515927157613355,-0.5347288863006011
1.1425238664072688,-2.7024676229449676,0.6506446005450868
-2.9347133903730547,0.7651163860949657,-0.12293464796662379
1.3184765124228222,-2.713042395951931,0.40915056988509135
1.3627568587117462,0.985594049217274,-2.120939838005344
1.8587768465193029,1.0163365722918125,-2.270801850628987
-3.6438393690347666,-0.9037720785603197,-0.49002297309096055
0.5091185213937789,1.8741823297096651,1.5528208503708254
1.5106765341067152,0.9238560585973696,-2.020482216349531
-3.700288455848779,-0.7823672163690099,-0.8225528257584692
1.3350018132334212,-2.7868115761955328,0.402385332450731
0.11630194942994525,1.4835544738150386,1.6951528455974312
2.186873540555821,0.44719010319276686,-2.2797161313007503
0.9565117300306977,2.2606515434213637,1.4582046540833449
-3.7671814932097316,-0.05381902805703363,-0.48189972821016114
1.1197040159714768,-2.3216890724802517,0.6101179292665474
0.9652217003124745,-2.687567619301474,-0.00022845054840087752
1.2690393892753102,-2.5938872923485694,0.8541351718017313
0.3528882105327566,1.720296600977874,2.0268038844473963
1.1258544592471438,-2.9446158900946644,0.19257401041100788
1.3989326866267873,-2.2796219702612364,0.45733158730340967
0.7298650780775527,1.8112214617727669,1.6593576412082025
-3.494981308680846,-0.3099997811133389,0.08894538050801012
1.5390025567711985,1.4446412011116758,-2.0743536236593676
-3.0238514953516407,-0.009415216917622787,-0.0717033400459874
0.844677612288311,2.0610852425772905,1.4707197014752909
0.5548675828650707,1.4153920728602638,1.7333754794414258
-3.7590675352064387,-0.2535888889104806,-0.03624668567103739
0.7036288844135848,1.872519514706671,1.7244451842606643
1.3822709382271336,-2.167604138545614,0.5101179874869173
0.9504872880955293,1.7345265644286585,1.6798870501253853
1.18669281914108,1.0134493813225087,-2.2556216213376623
0.15291571203306517,1.9058479362770249,1.477689803460512
0.4659195193174675,1.819160056024496,1.818215424022892
1.872614171606977,1.2760085843961637,-1.7796528254178994
-3.601195489560998,-0.06323444380389687,0.008615453336827948
0.6126820750308917,1.7462891826216587,1.7955038837133162
-3.605295772274638,-0.5160517018573906,-0.6306546018163939
1.2694799057463577,-2.163683178942404,0.6194546766069798
-3.523909894804425,0.03800710273257273,-0.2451631803739653
1.6159446718205115,-2.509103572426088,0.6394859781265259
0.7852181204700096,-2.9846667681728607,0.6087838673418722
0.8574731093517224,1.8243116763670923,1.745415344645028
0.9406731575528997,-2.788754039353752,0.03972079965663542
1.663615849000622,-1.8446525633046278,0.47206069725262145
1.6456609517568603,1.110202913677896,-2.092594112078555
1.9820941826884781,0.9784502933648814,-1.7677321128311823
1.6139023987114434,-3.029904600406663,1.0215681732415798
1.5555277472377442,-2.9152802192830527,0.825527723316909
0.6733201135102364,1.8363816680249239,1.6398399424500647
1.6431676035974625,1.5137540219433303,-2.2491803864888453
0.21479783447079526,1.648030842416101,1.9118080804385988
0.8720411195149517,-2.67131953808737,0.02963220121178326
0.9392790183699382,-2.3172235526005562,0.7350688625110802
0.8119612496262368,1.8277678708353087,1.9315686628383042
0.8971567126044394,-2.781402971686565,0.8184198087032463
2.17955258695877,-2.564855395376567,0.51695137387122
0.5006592403284336,1.3434646525489715,1.6306376833229195
1.8997872457494378,-2.8827441574217922,0.5182381226259993
-3.4802070799808957,-0.1786685274094491,-0.34585086757590777
0.26748815317313057,1.904904700949582,1.532806312559899
1.5545687915511515,0.7447735451812586,-2.09026020345687
0.3129435481639225,1.790402860157004,1.5801295379072962
1.5896610289776918,-2.751876734751919,1.0838677174276077
0.9945310355698185,1.7540295638257837,1.8684286679294513
1.31312773361724,-2.444248844464063,0.48347533874779375
1.943470803365242,1.1085715288250444,-2.0334946224873103
1.5463773725110381,1.050646770727664,-1.742466471161907
1.8775308433427838,-2.898050817647979,0.850080029139511
1.411149144524903,0.8764423096549674,-1.390252323884514
0.2445385874771954,1.596516865686252,1.5723194012881645
1.0695486551117983,-2.8514435590165434,0.3759437365624303
-4.025221619190598,-0.5430201600469529,-0.2342240148129488
0.9108902595403314,1.2709541325179299,2.539984028362348
0.986901787085258,1.571001202202827,1.4345293120754385
0.4237983809327934,2.4260262487003,1.4469313051497927
1.9520882330341331,0.7692395228393812,-1.2669283045230038
0.4991910145808116,1.6387393326383985,1.5778710224909516
0.8994271146274737,0.7368353709458768,-2.110812613601377
0.35552339484494916,1.2362114496338261,1.5998467386738313
-3.537624414683618,0.8111326676039261,-0.4894048358652486
0.8885566807961258,0.8861200955320349,-2.181093177541443
-3.9626393236173025,-0.21727877726060865,-0.677792133420778
1.2143209403620627,-2.6723190373617784,0.5181789887432189
0.7395538299681642,-2.7499980171010354,0.6560356733404449
1.1154309473864812,-2.600329817683627,0.4650969842055828
1.6759588262427547,0.9635540720657424,-1.9695700839161576
1.3636907959111804,-3.0635389054443873,0.3763538931604306
0.3529416570893532,1.628236108416201,1.72940280026087
0.31842865197576076,1.9234929162482695,1.3774046040630465
-3.4853146445276533,-0.5012195342539019,0.03221143498941903
1.3044737206750845,-2.2636083943052214,0.018654677104310246
1.0459385771228042,-2.361790391866203,0.8040423647204374
0.566757292106471,1.868560771458065,1.2952680978521551
-3.708664357832348,-0.1250294881989305,-0.5019620451947163
0.4399961106221163,1.6661427414651448,1.8383322633617372
1.465537544581445,1.0968090439584746,-2.6029616140749363
1.6630150252131706,-2.776237207092723,0.721522523510364
0.8694868893622599,-2.4484564566011433,0.23346445983347983
1.0888330360033083,0.16552718658181267,-2.3966640848434424
-3.5052040338288704,-0.37150703249514094,-0.4857879494104078
0.6932179877145754,1.7950604939218915,1.6996123896854203
1.1181314168806649,-3.0931280202070353,0.6902856753037768
0.85864373684062,-2.6897399703459333,0.4426391033593915
-3.851402881388121,-0.3679255282817412,-0.4243566523900762
2.1604033724745753,0.9677484766848461,-1.3763485922142578
-3.8741449209820704,-0.6907972246657847,-0.7837707344064478
-3.4441997617855975,-0.4217290917036396,-0.914425251779933
1.3468061514765641,-2.814441718114132,-0.07077475398029417
-3.8112768860886876,-0.8403830014926555,-0.44889305555175785
1.1436720585357851,2.344637929957173,1.866044819316636
1.0054638923215655,1.9506492769852086,1.6807730369985314
0.6702104726291341,1.9175528791659815,1.8953369500206816
1.5945344894033422,0.8311038190116941,-2.2277241055934494
1.7318054429105634,1.1351408095617677,-2.068636308566302
